catalog_watch_id,reference,old_model,new_model,watchbase_family,source
sinn-1-010-010,"1,010,010",Diving Watches,U1,diving-watches,watchbase-family-page-2026-05-21
sinn-1-010-020,"1,010,020",Diving Watches,U1 S,diving-watches,watchbase-family-page-2026-05-21
sinn-1-010-023,"1,010,023",Diving Watches,U1 S E,diving-watches,watchbase-family-page-2026-05-21
sinn-1-010-040,"1,010,040",Diving Watches,U1 SDR,diving-watches,watchbase-family-page-2026-05-21
sinn-1-010-111,"1,010,111",Diving Watches,U1 W,diving-watches,watchbase-family-page-2026-05-21
sinn-1-011-010,"1,011,010",Diving Watches,U1000 EZM 6,diving-watches,watchbase-family-page-2026-05-21
sinn-1-011-020,"1,011,020",Diving Watches,U1000 S EZM 6,diving-watches,watchbase-family-page-2026-05-21
sinn-1-011-021,"1,011,021",Diving Watches,JAGDUHR 3. Edition,diving-watches,watchbase-family-page-2026-05-21
sinn-1-011-030,"1,011,030",Diving Watches,U1000 SDR EZM 6,diving-watches,watchbase-family-page-2026-05-21
sinn-1-012-010,"1,012,010",Diving Watches,U200 EZM 8,diving-watches,watchbase-family-page-2026-05-21
sinn-1-012-030,"1,012,030",Diving Watches,U200 EZM 8 SDR,diving-watches,watchbase-family-page-2026-05-21
sinn-1-014-010,"1,014,010",Diving Watches,T1 EZM 14,diving-watches,watchbase-family-page-2026-05-21
sinn-1-014-011,"1,014,011",Diving Watches,T1 EZM 14 Blue,diving-watches,watchbase-family-page-2026-05-21
sinn-1-015-010,"1,015,010",Diving Watches,T2 EZM 15,diving-watches,watchbase-family-page-2026-05-21
sinn-1-015-011,"1,015,011",Diving Watches,T2 EZM 15 Blue,diving-watches,watchbase-family-page-2026-05-21
sinn-1-020-010,"1,020,010",Diving Watches,U2,diving-watches,watchbase-family-page-2026-05-21
sinn-1-020-020,"1,020,020",Diving Watches,U2 S,diving-watches,watchbase-family-page-2026-05-21
sinn-1-020-040,"1,020,040",Diving Watches,U2 SDR,diving-watches,watchbase-family-page-2026-05-21
sinn-1-030-601,"1,030,601",Instrument Chronographs,103 A Sa B,instrument-chronographs,watchbase-family-page-2026-05-21
sinn-1-030-621,"1,030,621",Instrument Chronographs,103 St Sa E,instrument-chronographs,watchbase-family-page-2026-05-21
sinn-1-030-791,"1,030,791",Instrument Chronographs,103 Ti UTC TESTAF,instrument-chronographs,watchbase-family-page-2026-05-21
sinn-1-030-793,"1,030,793",Instrument Chronographs,103 Ti IFR,instrument-chronographs,watchbase-family-page-2026-05-21
sinn-1-736-011,"1,736,011",Classic Timepieces,Classic Timepieces 1736 St I 4N,classic-timepieces,watchbase-family-page-2026-05-21
sinn-10-100-101,"10,100,101",Diving Watches,U1 Camouflage,diving-watches,watchbase-family-page-2026-05-21
sinn-10-111-719,"10,111,719",Diving Watches,U1000.S Mother Earth,diving-watches,watchbase-family-page-2026-05-21
sinn-101-017-286,"101,017,286",Diving Watches,U1.SE Mother Earth,diving-watches,watchbase-family-page-2026-05-21
sinn-103-061,"103,061",Instrument Chronographs,103 St Sa,instrument-chronographs,watchbase-family-page-2026-05-21
sinn-103-078,"103,078",Instrument Chronographs,103 Ti DIAPAL,instrument-chronographs,watchbase-family-page-2026-05-21
sinn-103-079,"103,079",Instrument Chronographs,103 Ti TESTAF,instrument-chronographs,watchbase-family-page-2026-05-21
sinn-103classic,103Classic,Instrument Chronographs,103 Classic,instrument-chronographs,watchbase-family-page-2026-05-21
sinn-103stsaarutc,103StSaArUTC,Instrument Chronographs,103 St Sa Ar UTC,instrument-chronographs,watchbase-family-page-2026-05-21
sinn-103stsawanted,103StSawanted,Instrument Chronographs,103 St Sa Wanted,instrument-chronographs,watchbase-family-page-2026-05-21
sinn-103tiarutc,103TiArUTC,Instrument Chronographs,103 Ti Ar UTC,instrument-chronographs,watchbase-family-page-2026-05-21
sinn-104-011,"104,011",Instrument Watches,Pilot Watch 104 St Sa A,instrument-watches,watchbase-family-page-2026-05-21
sinn-112-010,"112,010",Instrument Watches,Pilot&#039;s Watch EZM 12,instrument-watches,watchbase-family-page-2026-05-21
sinn-140-020,"140,020",Instrument Chronographs,Space Chronograph 140 St,instrument-chronographs,watchbase-family-page-2026-05-21
sinn-144-068,"144,068",Instrument Chronographs,144 St Diapal,instrument-chronographs,watchbase-family-page-2026-05-21
sinn-212-040,"212,040",Diving Watches,U212,diving-watches,watchbase-family-page-2026-05-21
sinn-212-050,"212,050",Instrument Watches,Pilot Watch 212 KSK,instrument-watches,watchbase-family-page-2026-05-21
sinn-240-010,"240,010",Instrument Watches,Series 240 St,instrument-watches,watchbase-family-page-2026-05-21
sinn-240-011,"240,011",Instrument Watches,Series 240 C St GZ,instrument-watches,watchbase-family-page-2026-05-21
sinn-240-021,"240,021",Instrument Watches,Series 240 C,instrument-watches,watchbase-family-page-2026-05-21
sinn-243-010,"243,010",Ladies Watches,Ladies Watches 243 Ti S,ladies-watches,watchbase-family-page-2026-05-21
sinn-243-011,"243,011",Ladies Watches,Ladies Watches 243 Ti Mother-of-pearl W,ladies-watches,watchbase-family-page-2026-05-21
sinn-243-020,"243,020",Ladies Watches,Ladies Watches 243 Ti Z S,ladies-watches,watchbase-family-page-2026-05-21
sinn-243-051,"243,051",Ladies Watches,Ladies Watches 243 TW66 WG Mother-of-pearl W,ladies-watches,watchbase-family-page-2026-05-21
sinn-243-053,"243,053",Ladies Watches,Ladies Watches 243 TW66 WG M,ladies-watches,watchbase-family-page-2026-05-21
sinn-243-054,"243,054",Ladies Watches,Ladies Watches 243 TW66 WG A,ladies-watches,watchbase-family-page-2026-05-21
sinn-3-560-721,"3,560,721",Instrument Chronographs,356 Sa Pilot III,instrument-chronographs,watchbase-family-page-2026-05-21
sinn-356-070,"356,070",Instrument Chronographs,356 Sa Pilot,instrument-chronographs,watchbase-family-page-2026-05-21
sinn-358-060,"358,060",Instrument Chronographs,358 Sa PILOT,instrument-chronographs,watchbase-family-page-2026-05-21
sinn-358-061,"358,061",Instrument Chronographs,358 Diapal,instrument-chronographs,watchbase-family-page-2026-05-21
sinn-403-030,"403,030",Diving Watches,UX EZM 2B,diving-watches,watchbase-family-page-2026-05-21
sinn-403-031,"403,031",Diving Watches,UX EZM GSG 9 2B,diving-watches,watchbase-family-page-2026-05-21
sinn-403-050,"403,050",Diving Watches,UX SDR EZM 2B,diving-watches,watchbase-family-page-2026-05-21
sinn-403-051,"403,051",Diving Watches,UX EZM SDR GSG 9 2B,diving-watches,watchbase-family-page-2026-05-21
sinn-403-060,"403,060",Diving Watches,UX S EZM 2B,diving-watches,watchbase-family-page-2026-05-21
sinn-403-062,"403,062",Diving Watches,UX S GSG 9 EZM 2B,diving-watches,watchbase-family-page-2026-05-21
sinn-434-010,"434,010",Ladies Watches,Ladies Watches 434 St S,ladies-watches,watchbase-family-page-2026-05-21
sinn-434-011,"434,011",Ladies Watches,Ladies Watches 434 St Mother-of-pearl W,ladies-watches,watchbase-family-page-2026-05-21
sinn-434-020,"434,020",Ladies Watches,Ladies Watches 434 St GG S,ladies-watches,watchbase-family-page-2026-05-21
sinn-434-021,"434,021",Ladies Watches,Ladies Watches 434 St GG Mother-of-pearl W,ladies-watches,watchbase-family-page-2026-05-21
sinn-434-030,"434,030",Ladies Watches,Ladies Watches 434 TW68 WG S,ladies-watches,watchbase-family-page-2026-05-21
sinn-434-031,"434,031",Ladies Watches,Ladies Watches 434 TW68 WG Mother-of-pearl W,ladies-watches,watchbase-family-page-2026-05-21
sinn-456-010,"456,010",Ladies Watches,Ladies Watches 456 St I,ladies-watches,watchbase-family-page-2026-05-21
sinn-456-015,"456,015",Ladies Watches,Ladies Watches 456 St Mother-of-pearl W,ladies-watches,watchbase-family-page-2026-05-21
sinn-456-020,"456,020",Ladies Watches,Ladies Watches 456 St GG I,ladies-watches,watchbase-family-page-2026-05-21
sinn-456-025,"456,025",Ladies Watches,Ladies Watches 456 St GG Mother-of-pearl W,ladies-watches,watchbase-family-page-2026-05-21
sinn-456-030,"456,030",Ladies Watches,Ladies Watches 456 TW70 WG,ladies-watches,watchbase-family-page-2026-05-21
sinn-5-560-101,"5,560,101",Instrument Watches,Series 556 I M,instrument-watches,watchbase-family-page-2026-05-21
sinn-5-560-102,"5,560,102",Instrument Watches,Series 556 I Mother-of-pearl W,instrument-watches,watchbase-family-page-2026-05-21
sinn-5-560-103,"5,560,103",Instrument Watches,Series 556 Anniversary,instrument-watches,watchbase-family-page-2026-05-21
sinn-556-f-4,556.F-4,Instrument Watches,556 F-4 / Japan,instrument-watches,watchbase-family-page-2026-05-21
sinn-556-f-4-ii,556.F-4.II,Instrument Watches,556 F-4 / Japan,instrument-watches,watchbase-family-page-2026-05-21
sinn-6-000-010,"6,000,010",Frankfurt Financial District,Frankfurt Financial District 6000,frankfurt-financial-district,watchbase-family-page-2026-05-21
sinn-6-000-040,"6,000,040",Frankfurt Financial District,Frankfurt Financial District 6000 Rose Gold,frankfurt-financial-district,watchbase-family-page-2026-05-21
sinn-6-052-010,"6,052,010",Frankfurt Financial District,Frankfurt Financial District 6052,frankfurt-financial-district,watchbase-family-page-2026-05-21
sinn-6-060-010,"6,060,010",Frankfurt Financial District,Frankfurt Financial District 6060,frankfurt-financial-district,watchbase-family-page-2026-05-21
sinn-6-068-010,"6,068,010",Frankfurt Financial District,Frankfurt Financial District 6068,frankfurt-financial-district,watchbase-family-page-2026-05-21
sinn-6-099-010,"6,099,010",Frankfurt Financial District,Frankfurt Financial District 6099,frankfurt-financial-district,watchbase-family-page-2026-05-21
sinn-6-100-010,"6,100,010",Classic Timepieces,Classic Timepieces Regulateur Stainless Steel / Silver,classic-timepieces,watchbase-family-page-2026-05-21
sinn-6-100-011,"6,100,011",Classic Timepieces,Classic Timepieces Regulateur Stainless Steel / Silver,classic-timepieces,watchbase-family-page-2026-05-21
sinn-6-100-015,"6,100,015",Classic Timepieces,Classic Timepieces Regulateur Technik Stainless Steel / Black,classic-timepieces,watchbase-family-page-2026-05-21
sinn-6-100-021,"6,100,021",Classic Timepieces,Classic Timepieces Regulateur Rose Gold / Silver,classic-timepieces,watchbase-family-page-2026-05-21
sinn-6-100-030,"6,100,030",Classic Timepieces,Classic Timepieces Regulateur White Gold / Grey,classic-timepieces,watchbase-family-page-2026-05-21
sinn-6-200-010,"6,200,010",Classic Timepieces,Classic Timepieces 6200 Meisterbund I,classic-timepieces,watchbase-family-page-2026-05-21
sinn-6-200-020,"6,200,020",Classic Timepieces,Classic Timepieces 6200 WG Meisterbund I,classic-timepieces,watchbase-family-page-2026-05-21
sinn-603-010,"603,010",Diving Watches,EZM 3,diving-watches,watchbase-family-page-2026-05-21
sinn-613-010,"613,010",Diving Watches,EZM 13,diving-watches,watchbase-family-page-2026-05-21
sinn-703-010,"703,010",Instrument Watches,Pilot&#039;s Watch EZM 3F,instrument-watches,watchbase-family-page-2026-05-21
sinn-756-010,"756,010",Instrument Chronographs,Duochronograph 756,instrument-chronographs,watchbase-family-page-2026-05-21
sinn-756-014,"756,014",Instrument Chronographs,Duochronograph 756 II,instrument-chronographs,watchbase-family-page-2026-05-21
sinn-756-030,"756,030",Instrument Chronographs,Duochronograph 756 DIAPAL,instrument-chronographs,watchbase-family-page-2026-05-21
sinn-757-011,"757,011",Instrument Chronographs,Duochronograph 757 UTC,instrument-chronographs,watchbase-family-page-2026-05-21
sinn-757-017,"757,017",Instrument Chronographs,Duochronograph 757 II,instrument-chronographs,watchbase-family-page-2026-05-21
sinn-757-021,"757,021",Instrument Chronographs,Duochronograph 757 S UTC,instrument-chronographs,watchbase-family-page-2026-05-21
sinn-757-030,"757,030",Instrument Chronographs,Duochronograph 757 DIAPAL,instrument-chronographs,watchbase-family-page-2026-05-21
sinn-757-031,"757,031",Instrument Chronographs,Duochronograph 757 III,instrument-chronographs,watchbase-family-page-2026-05-21
sinn-8-570-401,"8,570,401",Instrument Watches,Pilot&#039;s Watch 857 UTC VFR,instrument-watches,watchbase-family-page-2026-05-21
sinn-836-010,"836,010",Instrument Watches,Pilot Watch 836,instrument-watches,watchbase-family-page-2026-05-21
sinn-856-010,"856,010",Instrument Watches,Pilot&#039;s Watch 856 UTC,instrument-watches,watchbase-family-page-2026-05-21
sinn-856-011,"856,011",Instrument Watches,Pilot&#039;s Watch 856,instrument-watches,watchbase-family-page-2026-05-21
sinn-856-012,"856,012",Instrument Watches,Pilot&#039;s Watch 856 B-Uhr,instrument-watches,watchbase-family-page-2026-05-21
sinn-856-020,"856,020",Instrument Watches,Pilot&#039;s Watch 856 S UTC,instrument-watches,watchbase-family-page-2026-05-21
sinn-856-023,"856,023",Instrument Watches,Pilot&#039;s Watch 856 S,instrument-watches,watchbase-family-page-2026-05-21
sinn-857-010,"857,010",Instrument Watches,Pilot&#039;s Watch 857 UTC,instrument-watches,watchbase-family-page-2026-05-21
sinn-857-012,"857,012",Instrument Watches,Pilot&#039;s Watch 857,instrument-watches,watchbase-family-page-2026-05-21
sinn-857-020,"857,020",Instrument Watches,Pilot&#039;s Watch 857 S UTC,instrument-watches,watchbase-family-page-2026-05-21
sinn-857-021,"857,021",Instrument Watches,Pilot&#039;s Watch 857 S,instrument-watches,watchbase-family-page-2026-05-21
sinn-857-030,"857,030",Instrument Watches,Pilot&#039;s Watch EZM 7,instrument-watches,watchbase-family-page-2026-05-21
sinn-857-041,"857,041",Instrument Watches,Pilot&#039;s Watch 857 UTC TESTAF LH Cargo,instrument-watches,watchbase-family-page-2026-05-21
sinn-857-050,"857,050",Instrument Watches,Pilot&#039;s Watch EZM 7 S,instrument-watches,watchbase-family-page-2026-05-21
sinn-900-011,"900,011",Instrument Chronographs,900,instrument-chronographs,watchbase-family-page-2026-05-21
sinn-900-013,"900,013",Instrument Chronographs,900 DIAPAL,instrument-chronographs,watchbase-family-page-2026-05-21
sinn-900-020,"900,020",Instrument Chronographs,900 S,instrument-chronographs,watchbase-family-page-2026-05-21
sinn-901-010,"901,010",Instrument Chronographs,901,instrument-chronographs,watchbase-family-page-2026-05-21
sinn-903-042,"903,042",Instrument Chronographs,903 St Silver,instrument-chronographs,watchbase-family-page-2026-05-21
sinn-903-045,"903,045",Instrument Chronographs,903 St B E,instrument-chronographs,watchbase-family-page-2026-05-21
sinn-910-010,"910,010",Instrument Chronographs,910 Anniversary,instrument-chronographs,watchbase-family-page-2026-05-21
sinn-917-011,"917,011",Instrument Chronographs,Rally Chronograph 917,instrument-chronographs,watchbase-family-page-2026-05-21
sinn-949-010,"949,010",Instrument Watches,Pilot&#039;s Watch EZM 9 TESTAF,instrument-watches,watchbase-family-page-2026-05-21
sinn-956-015,"956,015",Special Edition,Special Edition 956 Adler,special-edition,watchbase-family-page-2026-05-21
sinn-u1-d,U1-D,Diving Watches,U1 Dune,diving-watches,watchbase-family-page-2026-05-21
